Instance ID,Private IP,State,,Associated instance
i-09c4fd005cc3c7bc9,10.4.3.120,running,,i-000d92fc1804334e0
i-0bcec766b0501534c,10.4.3.173,running,,i-0a0b6101e2164d2e4
i-0cff1b46c6500fb56,10.4.3.201,running,,i-0c02ca3c3ba3a8f79
i-0e307286285dc28dd,10.4.3.164,running,,i-05335af500d96157b
i-0ccd0bb934124ceff,10.4.4.162,running,,"i-09c4fd005cc3c7bc9 , i-0ccd0bb934124ceff"
i-04b52f4206420f091,10.4.4.79,running,,i-06cd6c8a0f4ba164f
i-00dfda1f7d0136b55,10.4.3.155,line 8,,i-005ba4290f2cb3902
i-0f577b272a189f113,10.4.3.57,running,,-new change fr difference
i-02212f3ecc7429b5e,10.0.0.51,running,,i-005ba4290f2cb3902
i-02cd26fed2e7d265d,10.3.131.153,running,,i-07d8750fcdb30e303
i-08422c33b329a098a,10.3.139.146,running,,i-082f9d09628d0d35c
i-0b7fcfbe0c8144b33,10.3.136.206,running,,"i-0ccd0bb934124ceff, i-09c4fd005cc3c7bc9"
i-05548ede4cb7cf140,10.3.133.90,running,,i-0f577b272a189f113
i-0878b172f0d375c2c,10.3.136.149,running,,"i-06e9675af3d472dc8, i-0de2f1abe1360acf8, i-090bf0f8ed7f4a191"
i-0c40a6fe90894cc8f,10.4.9.172,running,,-
i-05335af500d96157b,10.4.8.168,running,,i-0d95954e61796270b
i-016aea2755f49e0a0,10.3.169.153,running,,i-09aa7a4b3eb367afe
i-06b2ecaafc1cb0137,10.3.175.10,running,,i-01c214ce495411c86
i-06e9675af3d472dc8,10.4.5.160,running,,"i-01c214ce495411c86, i-07f570be73ee8610d"
i-0632463cba7e5d50c,10.4.4.122,running,,i-0ad0ce8cf26c285bc
i-08c735e6bc673f0b3,10.4.2.66,running,,"i-01c214ce495411c86, i-07f570be73ee8610d"
i-06755bd7407d44c35,10.3.159.45,running,,i-01ac5ffc8d30e853a
i-0c8c67fdc2e520d1c,10.3.156.39,running,,"i-01ac5ffc8d30e853a, i-03688a403d19fd293"
i-00e59437d118f30f2,10.3.151.211,running,,"i-0ccd0bb934124ceff, i-09c4fd005cc3c7bc9"
i-01f3737e0c9c14854,10.3.144.253,running,,i-082f9d09628d0d35c
i-0fffe399f4668c16d,10.3.150.4,running,,i-05335af500d96157b
i-0bef780a37731a816,10.3.143.195,running,,-
i-090bf0f8ed7f4a191,10.4.3.159,running,,i-005ba4290f2cb3902
i-0a9b7ebdee1f5f934,10.2.12.4,running,,i-07b38a871b262a5a0
i-077edc4f7b8caf047,10.3.159.2,running,,"i-00dfda1f7d0136b55, i-0632463cba7e5d50c"
i-07039ef33bd18ab5d,10.3.173.221,running,,-
i-05e786886aab63be7,10.3.138.98,running,,-
i-00863f1144061dc37,10.4.3.234,running,,i-0cd3f8cc808283841
i-011e35b514bd6d4a3,10.4.3.73,running,,i-0a0d07798c1cdb1c0
i-075a656ed519c3004,10.3.132.81,running,,i-0a0d07798c1cdb1c0
i-0457e47d19366347d,10.3.140.236,running,,i-0a0b6101e2164d2e4
i-068eef1997134ca2c,10.3.130.58,running,,i-0c02ca3c3ba3a8f79
i-0aa6843ffab374b00,10.2.11.43,running,,i-05335af500d96157b
i-007b33cfadc517c6c,10.2.11.69,running,,i-0f577b272a189f113
i-0d2a8c951ced85b36,10.2.11.143,running,,
i-0b6559292f77a0b26,10.2.11.73,running,,10.0.2.69
i-05c1cfe58a491019d,10.2.11.21,running,,"i-0562f6c0d7ced89c4, i-01f65adb331cedfdc"
i-03ce1faad9af70e01,10.2.11.224,running,,i-0af50e5774ef15ea9
i-0c496c0464709594b,10.3.137.226,running,,i-0dcc9171c17373313
i-05fdd2493b45b4659,10.4.3.153,running,,"i-08799ec54eb647c59, i-017ab188b970652b8, i-027d47262eac827cf"
i-0b113b1318e65fc4f,10.5.1.247,running,,"i-0b15af10e065727e6, i-01145349824c2380b"
i-097d6d4306f3149c1,10.5.1.72,running,,-
i-005ba4290f2cb3902,10.4.4.83,running,,i-0135df6b558cbf7a8
i-09aa39e38b899a81e,10.5.1.193,running,,"i-0562f6c0d7ced89c4, i-01f65adb331cedfdc"
i-023334607e03e18c1,10.2.11.210,running,,"i-022195f70681e7c8b, i-0b43ed0d7350213eb"
i-03688a403d19fd293,10.4.3.4,running,,i-0d2a8c951ced85b36
i-07ad4e4d6ae4bca01,10.3.132.168,running,,i-0b6559292f77a0b26
i-022195f70681e7c8b,10.2.11.170,running,,i-0a9b7ebdee1f5f934
i-0a6338b31d3f993b7,10.2.11.60,running,,"i-022195f70681e7c8b, i-0b43ed0d7350213eb"
i-0148fef15efcfd1f1,10.2.11.76,running,,i-0d7e9dceb85f2cfee
i-01ac5ffc8d30e853a,10.4.3.90,running,,"i-0aa6843ffab374b00, i-007b33cfadc517c6c"
i-074da3cddc92e4f05,10.3.140.196,running,,"i-03ce1faad9af70e01, i-05c1cfe58a491019d"
i-0b43ed0d7350213eb,10.2.11.247,running,,i-01c9e9b677eb7112e
i-07d77cfd498e03516,10.3.142.35,running,,-
i-00208d862fa7ebeca,10.0.2.238,running,,"i-06c12571428030d4c, i-0a077f716701b820f"
i-0de2f1abe1360acf8,10.4.7.136,running,,"i-0a077f716701b820f , i-06c12571428030d4c"
i-0a589148fb33f3e00,10.3.172.192,running,,"i-0f28c4a167dbee91f, i-02364c48e141e2dca"
i-0119e13f182407f0a,10.3.169.244,running,,i-0135df6b558cbf7a8
i-01f65adb331cedfdc,10.2.12.250,running,,i-023334607e03e18c1
i-0562f6c0d7ced89c4,10.2.12.187,running,,"i-00e10d4980c449224, i-064484475eecfd43f, i-0895fbb30b2d71d16"
i-07820ba297b3e9616,10.0.7.101,running,,i-0148fef15efcfd1f1
i-0d95954e61796270b,10.4.4.225,running,,"i-0b113b1318e65fc4f, i-097d6d4306f3149c1"
i-0ee3525dd345384a0,10.3.153.173,running,,-
i-026825f634b67db14,10.3.158.151,running,,-
i-0a0d07798c1cdb1c0,10.4.3.226,running,,"10.2.11.69, 10.2.11.43"
i-0e76a69bab7703b1c,10.0.2.180,running,,10.2.11.209
i-07b38a871b262a5a0,10.4.3.191,running,,i-082f9d09628d0d35c
i-0135df6b558cbf7a8,10.2.11.136,running,,-
i-0dcc9171c17373313,10.2.11.152,running,,i-09aa39e38b899a81e
i-06f8091546bf97d9d,10.3.131.245,running,,i-0a0d07798c1cdb1c0
i-0af50e5774ef15ea9,10.2.11.15,running,,i-0e307286285dc28dd
i-000d92fc1804334e0,10.4.3.19,running,,-
i-02ec8baabe02d2d06,10.4.3.206,running,,"i-00dfda1f7d0136b55, i-0632463cba7e5d50c"
i-041cc2cadfc91de7e,10.4.3.83,running,,"i-011e35b514bd6d4a3, i-00863f1144061dc37"
i-0932d220989a69e2c,10.3.142.191,running,,i-082f9d09628d0d35c
i-0aacc94765d2cb929,10.3.128.71,running,,"i-05fdd2493b45b4659, i-0cff1b46c6500fb56, i-04b52f4206420f091"
i-07d8750fcdb30e303,10.4.3.242,running,,10.6.57.78
i-0cd3f8cc808283841,10.4.3.87,running,,i-0148fef15efcfd1f1
i-09ff3069ab7b46004,10.3.161.111,running,,i-0aa6843ffab374b00
i-0fc9629970af5da08,10.3.170.135,running,,i-007b33cfadc517c6c
i-0c8cd210f63b19466,10.3.167.80,running,,"i-03ce1faad9af70e01, i-05c1cfe58a491019d"
i-0c2e93aa4ebd1193f,10.3.170.151,running,,"i-0aa6843ffab374b00, i-007b33cfadc517c6c"
i-0a077f716701b820f,10.2.11.12,running,,i-0f062c3288ab11e4c
i-0d2a648b77d5124ce,10.4.7.186,running,,i-0e15033fdb32ca5ed
i-0518c124aad0e2890,10.4.7.22,running,,-
i-09d9a35e8d44b06b1,10.2.11.162,running,,"i-0a589148fb33f3e00, i-016aea2755f49e0a0, i-0878b172f0d375c2c, i-0fffe399f4668c16d"
i-0edffedf72ee5f261,10.3.176.13,running,,i-0fffe399f4668c16d
i-0a0b6101e2164d2e4,10.4.3.169,running,,i-0272a52b9692839f5
i-01c9e9b677eb7112e,10.2.11.11,running,,i-074da3cddc92e4f05
i-0e15033fdb32ca5ed,10.3.136.167,running,,"i-0aacc94765d2cb929, i-0ee3525dd345384a0, i-0119e13f182407f0a"
i-06c12571428030d4c,10.2.11.149,running,,i-07ad4e4d6ae4bca01
i-077335eaadbaaa00d,10.3.139.59,running,,-
i-009f7f00059e3a2a9,10.3.142.67,running,,"i-075a656ed519c3004, i-0457e47d19366347d"
i-0f5cb913c286e2fa2,10.3.139.171,running,,i-0272a52b9692839f5
i-0ecef15a079103785,10.3.134.5,running,,-
i-067fb1fcb057645f1,10.2.11.62,running,,-
i-007ba7d7abd63eb76,10.3.154.101,running,,"i-01f3737e0c9c14854, i-0c8c67fdc2e520d1c"
i-0325f5f5aceffef11,10.3.159.53,running,,"i-01f3737e0c9c14854, i-0c8c67fdc2e520d1c"
i-0f18c0f6c0344d33b,10.3.155.128,running,,"i-07039ef33bd18ab5d, i-077edc4f7b8caf047, i-05e786886aab63be7"
i-00f66d97f3ec66597,10.2.12.182,running,,"i-02cd26fed2e7d265d, i-00433060a8bf9a0a7, i-06b2ecaafc1cb0137, i-06755bd7407d44c35"
i-0652bf763beb9c026,10.4.3.135,running,,i-08422c33b329a098a
i-095e142f577c142e2,10.2.11.232,running,,i-07ad4e4d6ae4bca01
i-05aa96a4b88fd6938,10.4.3.63,running,,"i-075a656ed519c3004, i-0457e47d19366347d"
i-0dc2985e0ce9f5486,10.2.11.227,running,,i-06f8091546bf97d9d
i-04f8881d988d559a8,10.3.128.41,running,,"i-05548ede4cb7cf140, i-0bef780a37731a816, i-00e59437d118f30f2"
i-018998d51104ad1e5,10.2.11.123,running,,"i-05548ede4cb7cf140, i-0bef780a37731a816, i-00e59437d118f30f2"
i-006af88039d16ca58,10.2.11.46,running,,-
i-028672914d98fb494,10.4.3.236,running,,"i-0c496c0464709594b, i-07d77cfd498e03516, i-0b7fcfbe0c8144b33"
i-03f8e66c8dab39415,10.2.11.96,running,,"i-0ae8e5d5a7a33aae5
i-01957232e027c3edb"
i-0e9ba386488e3f131,10.4.3.95,running,,"i-0ecef15a079103785
i-0d7d0d6c62b25f880"
i-079265c9f301c0894,10.4.3.252,running,,i-09ff3069ab7b46004
i-0e8396d881420f27a,10.4.3.22,running,,"i-0c8cd210f63b19466
i-007ba7d7abd63eb76"
i-0c7ca4fd2a4641c01,10.3.163.185,running,,"i-0b69eef465807a4bb
i-077335eaadbaaa00d"
i-00333922d4f8e3866,10.2.13.244,running,,"i-0e94904027bdbc259
i-0f5cb913c286e2fa2
i-0325f5f5aceffef11"
i-0423ca2a3b6831742,10.2.13.208,running,,"i-009f7f00059e3a2a9
i-0fc9629970af5da08"
i-05515012074b96125,10.2.13.229,running,,
i-0521c3a908e36745f,10.2.13.195,running,,
i-091b910215bcff708,10.2.13.147,running,,
i-02238f6ef82bb5ec1,10.2.12.100,running,,
i-07c7319f4ddee2fe7,10.4.4.68,running,,